timestamp,update,avg_return,max_stage,eval_avg_return,eval_max_stage,eval_coins,eval_flag_get,eval_life,eval_score,eval_status,eval_time,eval_x_pos,eval_y_pos,device
2026-01-06 15:42:30,1,92.81,1,,,,,,,,,,,mps
2026-01-06 15:42:32,2,75.44,1,,,,,,,,,,,mps
2026-01-06 15:42:34,3,76.24,1,,,,,,,,,,,mps
2026-01-06 15:42:36,4,67.40,1,,,,,,,,,,,mps
2026-01-06 15:42:38,5,65.29,1,,,,,,,,,,,mps
2026-01-06 15:42:40,6,60.65,1,,,,,,,,,,,mps
2026-01-06 15:42:42,7,57.04,1,,,,,,,,,,,mps
2026-01-06 15:42:44,8,50.25,1,,,,,,,,,,,mps
2026-01-06 15:42:45,9,45.15,1,,,,,,,,,,,mps
2026-01-06 15:42:47,10,45.98,1,,,,,,,,,,,mps
2026-01-06 15:42:48,10,45.98,1,814.00,1,0,False,1,200,small,400,40,89,mps
2026-01-06 15:42:50,11,38.08,1,,,,,,,,,,,mps
2026-01-06 15:42:52,12,30.30,1,,,,,,,,,,,mps
2026-01-06 15:42:54,13,36.97,1,,,,,,,,,,,mps
2026-01-06 15:42:56,14,34.50,1,,,,,,,,,,,mps
2026-01-06 15:42:57,15,30.98,1,,,,,,,,,,,mps
2026-01-06 15:42:59,16,41.20,1,,,,,,,,,,,mps
2026-01-06 15:43:01,17,57.64,1,,,,,,,,,,,mps
2026-01-06 15:43:03,18,62.74,1,,,,,,,,,,,mps
2026-01-06 15:43:05,19,74.13,1,,,,,,,,,,,mps
2026-01-06 15:43:07,20,83.31,1,,,,,,,,,,,mps
2026-01-06 15:43:08,20,83.31,1,1483.00,1,0,False,255,400,small,397,1410,251,mps
2026-01-06 15:43:10,21,85.65,1,,,,,,,,,,,mps
2026-01-06 15:43:12,22,91.37,1,,,,,,,,,,,mps
2026-01-06 15:43:14,23,83.83,1,,,,,,,,,,,mps
2026-01-06 15:43:16,24,69.13,1,,,,,,,,,,,mps
2026-01-06 15:43:18,25,91.22,1,,,,,,,,,,,mps
2026-01-06 15:43:20,26,83.18,1,,,,,,,,,,,mps
2026-01-06 15:43:22,27,91.18,1,,,,,,,,,,,mps
2026-01-06 15:43:24,28,85.69,1,,,,,,,,,,,mps
2026-01-06 15:43:26,29,91.19,1,,,,,,,,,,,mps
2026-01-06 15:43:28,30,94.29,1,,,,,,,,,,,mps
2026-01-06 15:43:39,30,94.29,1,-20.00,1,0,False,1,0,small,400,40,79,mps
2026-01-06 15:43:41,31,87.00,1,,,,,,,,,,,mps
2026-01-06 15:43:43,32,74.53,1,,,,,,,,,,,mps
2026-01-06 15:43:45,33,72.55,1,,,,,,,,,,,mps
2026-01-06 15:43:47,34,86.80,1,,,,,,,,,,,mps
2026-01-06 15:43:49,35,91.33,1,,,,,,,,,,,mps
2026-01-06 15:43:51,36,79.88,1,,,,,,,,,,,mps
2026-01-06 15:43:53,37,79.95,1,,,,,,,,,,,mps
2026-01-06 15:43:55,38,84.03,1,,,,,,,,,,,mps
2026-01-06 15:43:57,39,84.69,1,,,,,,,,,,,mps
2026-01-06 15:43:59,40,76.41,1,,,,,,,,,,,mps
2026-01-06 15:44:00,40,76.41,1,1459.00,1,0,False,255,100,small,398,1438,252,mps
2026-01-06 15:44:02,41,89.58,1,,,,,,,,,,,mps
2026-01-06 15:44:04,42,80.65,1,,,,,,,,,,,mps
2026-01-06 15:44:06,43,81.14,1,,,,,,,,,,,mps
2026-01-06 15:44:08,44,81.17,1,,,,,,,,,,,mps
2026-01-06 15:44:10,45,86.69,1,,,,,,,,,,,mps
2026-01-06 15:44:12,46,72.18,1,,,,,,,,,,,mps
2026-01-06 15:44:14,47,94.85,1,,,,,,,,,,,mps
2026-01-06 15:44:16,48,61.87,1,,,,,,,,,,,mps
2026-01-06 15:44:18,49,68.78,1,,,,,,,,,,,mps
2026-01-06 15:44:20,50,56.75,1,,,,,,,,,,,mps
2026-01-06 15:44:21,50,56.75,1,1572.00,1,0,False,1,100,small,400,1320,79,mps
2026-01-06 15:44:23,51,71.24,1,,,,,,,,,,,mps
2026-01-06 15:44:25,52,76.22,1,,,,,,,,,,,mps
2026-01-06 15:44:27,53,87.44,1,,,,,,,,,,,mps
2026-01-06 15:44:29,54,81.50,1,,,,,,,,,,,mps
2026-01-06 15:44:31,55,66.63,1,,,,,,,,,,,mps
2026-01-06 15:44:33,56,71.15,1,,,,,,,,,,,mps
2026-01-06 15:44:35,57,62.30,1,,,,,,,,,,,mps
2026-01-06 15:44:37,58,62.94,1,,,,,,,,,,,mps
2026-01-06 15:44:39,59,65.44,1,,,,,,,,,,,mps
2026-01-06 15:44:41,60,53.71,1,,,,,,,,,,,mps
2026-01-06 15:44:41,60,53.71,1,116.00,1,0,False,255,100,small,397,1410,251,mps
2026-01-06 15:44:43,61,61.15,1,,,,,,,,,,,mps
2026-01-06 15:44:45,62,87.21,1,,,,,,,,,,,mps
2026-01-06 15:44:48,63,82.42,2,,,,,,,,,,,mps
2026-01-06 15:44:50,64,83.57,2,,,,,,,,,,,mps
2026-01-06 15:44:52,65,80.07,1,,,,,,,,,,,mps
2026-01-06 15:44:54,66,86.26,1,,,,,,,,,,,mps
2026-01-06 15:44:56,67,81.73,1,,,,,,,,,,,mps
2026-01-06 15:44:58,68,84.73,1,,,,,,,,,,,mps
2026-01-06 15:45:00,69,61.28,1,,,,,,,,,,,mps
2026-01-06 15:45:02,70,58.91,1,,,,,,,,,,,mps
2026-01-06 15:45:02,70,58.91,1,1560.00,1,0,False,1,100,small,400,1320,79,mps
2026-01-06 15:45:04,71,58.26,1,,,,,,,,,,,mps
2026-01-06 15:45:06,72,66.68,1,,,,,,,,,,,mps
2026-01-06 15:45:08,73,57.83,1,,,,,,,,,,,mps
2026-01-06 15:45:10,74,65.27,1,,,,,,,,,,,mps
2026-01-06 15:45:12,75,55.29,1,,,,,,,,,,,mps
2026-01-06 15:45:14,76,67.51,1,,,,,,,,,,,mps
2026-01-06 15:45:16,77,63.04,1,,,,,,,,,,,mps
2026-01-06 15:45:18,78,59.96,1,,,,,,,,,,,mps
2026-01-06 15:45:20,79,66.52,1,,,,,,,,,,,mps
2026-01-06 15:45:22,80,43.16,1,,,,,,,,,,,mps
2026-01-06 15:45:22,80,43.16,1,184.00,1,0,False,255,100,small,398,1439,255,mps
2026-01-06 15:45:24,81,61.75,1,,,,,,,,,,,mps
2026-01-06 15:45:26,82,75.47,1,,,,,,,,,,,mps
2026-01-06 15:45:28,83,67.69,1,,,,,,,,,,,mps
2026-01-06 15:45:30,84,49.23,1,,,,,,,,,,,mps
2026-01-06 15:45:32,85,80.03,1,,,,,,,,,,,mps
2026-01-06 15:45:34,86,77.23,1,,,,,,,,,,,mps
2026-01-06 15:45:36,87,84.17,1,,,,,,,,,,,mps
2026-01-06 15:45:38,88,77.24,1,,,,,,,,,,,mps
2026-01-06 15:45:40,89,83.85,1,,,,,,,,,,,mps
2026-01-06 15:45:42,90,70.83,1,,,,,,,,,,,mps
2026-01-06 15:45:43,90,70.83,1,1511.00,1,0,False,2,100,small,361,1607,79,mps
2026-01-06 15:45:45,91,68.32,1,,,,,,,,,,,mps
2026-01-06 15:45:47,92,55.83,1,,,,,,,,,,,mps
2026-01-06 15:45:49,93,61.66,1,,,,,,,,,,,mps
2026-01-06 15:45:50,94,64.77,1,,,,,,,,,,,mps
2026-01-06 15:45:52,95,63.63,1,,,,,,,,,,,mps
2026-01-06 15:45:54,96,54.30,1,,,,,,,,,,,mps
2026-01-06 15:45:56,97,44.58,1,,,,,,,,,,,mps
2026-01-06 15:45:58,98,39.11,1,,,,,,,,,,,mps
2026-01-06 15:46:00,99,40.78,1,,,,,,,,,,,mps
2026-01-06 15:46:02,100,35.76,1,,,,,,,,,,,mps
2026-01-06 15:46:02,100,35.76,1,183.00,1,0,False,255,100,small,398,1439,255,mps
2026-01-06 15:46:04,101,52.23,1,,,,,,,,,,,mps
2026-01-06 15:46:06,102,33.38,1,,,,,,,,,,,mps
2026-01-06 15:46:08,103,25.81,1,,,,,,,,,,,mps
2026-01-06 15:46:10,104,19.91,1,,,,,,,,,,,mps
2026-01-06 15:46:12,105,19.16,1,,,,,,,,,,,mps
2026-01-06 15:46:14,106,29.06,1,,,,,,,,,,,mps
2026-01-06 15:46:16,107,34.54,1,,,,,,,,,,,mps
2026-01-06 15:46:17,108,17.48,1,,,,,,,,,,,mps
2026-01-06 15:46:19,109,6.16,1,,,,,,,,,,,mps
2026-01-06 15:46:21,110,13.53,1,,,,,,,,,,,mps
2026-01-06 15:46:32,110,13.53,1,-87.00,1,0,False,2,0,small,0,367,143,mps
2026-01-06 15:46:34,111,8.78,1,,,,,,,,,,,mps
2026-01-06 15:46:36,112,7.98,1,,,,,,,,,,,mps
2026-01-06 15:46:38,113,0.32,1,,,,,,,,,,,mps
2026-01-06 15:46:40,114,8.87,1,,,,,,,,,,,mps
2026-01-06 15:46:42,115,4.55,1,,,,,,,,,,,mps
2026-01-06 15:46:44,116,3.00,1,,,,,,,,,,,mps
2026-01-06 15:46:46,117,11.53,1,,,,,,,,,,,mps
2026-01-06 15:46:48,118,10.31,1,,,,,,,,,,,mps
2026-01-06 15:46:49,119,23.75,1,,,,,,,,,,,mps
2026-01-06 15:46:51,120,38.23,1,,,,,,,,,,,mps
2026-01-06 15:47:03,120,38.23,1,1047.00,1,0,False,255,100,small,373,1229,143,mps
2026-01-06 15:47:05,121,39.62,1,,,,,,,,,,,mps
2026-01-06 15:47:07,122,54.14,1,,,,,,,,,,,mps
2026-01-06 15:47:09,123,60.36,1,,,,,,,,,,,mps
2026-01-06 15:47:11,124,62.33,1,,,,,,,,,,,mps
2026-01-06 15:47:13,125,58.66,1,,,,,,,,,,,mps
2026-01-06 15:47:15,126,56.94,1,,,,,,,,,,,mps
2026-01-06 15:47:17,127,57.40,1,,,,,,,,,,,mps
2026-01-06 15:47:19,128,57.31,1,,,,,,,,,,,mps
2026-01-06 15:47:21,129,76.43,1,,,,,,,,,,,mps
2026-01-06 15:47:23,130,61.50,1,,,,,,,,,,,mps
2026-01-06 15:47:24,130,61.50,1,1577.00,1,1,False,2,400,small,365,1668,79,mps
2026-01-06 15:47:26,131,98.00,1,,,,,,,,,,,mps
2026-01-06 15:47:28,132,62.52,1,,,,,,,,,,,mps
2026-01-06 15:47:30,133,89.78,1,,,,,,,,,,,mps
2026-01-06 15:47:32,134,55.06,1,,,,,,,,,,,mps
2026-01-06 15:47:34,135,63.65,1,,,,,,,,,,,mps
2026-01-06 15:47:36,136,53.04,1,,,,,,,,,,,mps
2026-01-06 15:47:38,137,69.03,1,,,,,,,,,,,mps
2026-01-06 15:47:40,138,72.93,1,,,,,,,,,,,mps
2026-01-06 15:47:42,139,83.43,1,,,,,,,,,,,mps
2026-01-06 15:47:44,140,76.32,1,,,,,,,,,,,mps
2026-01-06 15:47:44,140,76.32,1,251.00,1,2,False,255,600,small,397,1408,251,mps
2026-01-06 15:47:46,141,81.87,1,,,,,,,,,,,mps
2026-01-06 15:47:48,142,95.30,1,,,,,,,,,,,mps
2026-01-06 15:47:50,143,80.23,1,,,,,,,,,,,mps
2026-01-06 15:47:52,144,102.01,1,,,,,,,,,,,mps
2026-01-06 15:47:54,145,91.39,1,,,,,,,,,,,mps
2026-01-06 15:47:56,146,95.38,1,,,,,,,,,,,mps
2026-01-06 15:47:58,147,94.00,1,,,,,,,,,,,mps
2026-01-06 15:48:00,148,82.41,1,,,,,,,,,,,mps
2026-01-06 15:48:02,149,71.19,1,,,,,,,,,,,mps
2026-01-06 15:48:04,150,78.77,1,,,,,,,,,,,mps
2026-01-06 15:48:15,150,78.77,1,268.00,1,0,False,1,100,small,400,40,89,mps
2026-01-06 15:48:18,151,90.35,1,,,,,,,,,,,mps
2026-01-06 15:48:20,152,88.50,1,,,,,,,,,,,mps
2026-01-06 15:48:22,153,94.94,1,,,,,,,,,,,mps
2026-01-06 15:48:24,154,80.62,1,,,,,,,,,,,mps
2026-01-06 15:48:26,155,87.94,1,,,,,,,,,,,mps
2026-01-06 15:48:28,156,100.01,1,,,,,,,,,,,mps
2026-01-06 15:48:30,157,84.74,1,,,,,,,,,,,mps
2026-01-06 15:48:32,158,83.49,1,,,,,,,,,,,mps
2026-01-06 15:48:34,159,96.29,1,,,,,,,,,,,mps
2026-01-06 15:48:36,160,93.08,1,,,,,,,,,,,mps
2026-01-06 15:48:47,160,93.08,1,1730.00,1,0,False,255,700,small,397,1436,252,mps
2026-01-06 15:48:49,161,103.85,1,,,,,,,,,,,mps
2026-01-06 15:48:51,162,89.59,1,,,,,,,,,,,mps
2026-01-06 15:48:53,163,98.04,1,,,,,,,,,,,mps
2026-01-06 15:48:55,164,108.37,1,,,,,,,,,,,mps
2026-01-06 15:48:57,165,95.37,1,,,,,,,,,,,mps
2026-01-06 15:48:59,166,101.63,1,,,,,,,,,,,mps
2026-01-06 15:49:02,167,99.95,1,,,,,,,,,,,mps
2026-01-06 15:49:04,168,101.73,1,,,,,,,,,,,mps
2026-01-06 15:49:06,169,91.53,1,,,,,,,,,,,mps
2026-01-06 15:49:08,170,75.39,1,,,,,,,,,,,mps
2026-01-06 15:49:08,170,75.39,1,249.00,1,1,False,1,200,small,400,40,89,mps
2026-01-06 15:49:10,171,115.71,1,,,,,,,,,,,mps
2026-01-06 15:49:12,172,86.79,1,,,,,,,,,,,mps
2026-01-06 15:49:14,173,95.41,1,,,,,,,,,,,mps
2026-01-06 15:49:16,174,81.46,1,,,,,,,,,,,mps
2026-01-06 15:49:18,175,82.73,1,,,,,,,,,,,mps
2026-01-06 15:49:20,176,88.91,1,,,,,,,,,,,mps
2026-01-06 15:58:01,151,125.21,1,,,,,,,,,,,mps
2026-01-06 15:58:03,152,105.62,1,,,,,,,,,,,mps
2026-01-06 15:58:05,153,109.41,1,,,,,,,,,,,mps
2026-01-06 15:58:07,154,94.84,1,,,,,,,,,,,mps
2026-01-06 15:58:09,155,94.37,1,,,,,,,,,,,mps
2026-01-06 15:58:11,156,99.59,1,,,,,,,,,,,mps
2026-01-06 15:58:13,157,87.92,1,,,,,,,,,,,mps
2026-01-06 15:58:15,158,75.72,1,,,,,,,,,,,mps
2026-01-06 15:58:17,159,68.45,1,,,,,,,,,,,mps
2026-01-06 15:58:18,160,73.75,1,,,,,,,,,,,mps
2026-01-06 15:58:29,160,73.75,1,-20.00,1,0,False,1,0,small,400,40,79,mps
2026-01-06 15:58:31,161,77.30,1,,,,,,,,,,,mps
2026-01-06 15:58:33,162,80.60,1,,,,,,,,,,,mps
2026-01-06 15:58:35,163,92.22,1,,,,,,,,,,,mps
2026-01-06 15:58:36,164,76.05,1,,,,,,,,,,,mps
2026-01-06 15:58:38,165,97.45,1,,,,,,,,,,,mps
2026-01-06 15:58:40,166,86.21,1,,,,,,,,,,,mps
2026-01-06 15:58:42,167,91.67,1,,,,,,,,,,,mps
2026-01-06 15:58:44,168,86.81,1,,,,,,,,,,,mps
2026-01-06 15:58:46,169,84.46,1,,,,,,,,,,,mps
2026-01-06 15:58:48,170,76.97,1,,,,,,,,,,,mps
2026-01-06 15:59:09,170,76.97,1,513.00,1,0,False,255,200,small,0,722,79,mps
2026-01-06 15:59:11,171,94.24,1,,,,,,,,,,,mps
2026-01-06 15:59:13,172,82.91,1,,,,,,,,,,,mps
2026-01-06 15:59:15,173,91.63,1,,,,,,,,,,,mps
2026-01-06 15:59:17,174,84.33,1,,,,,,,,,,,mps
2026-01-06 15:59:19,175,81.55,1,,,,,,,,,,,mps
2026-01-06 15:59:21,176,85.97,1,,,,,,,,,,,mps
2026-01-06 15:59:23,177,47.75,1,,,,,,,,,,,mps
2026-01-06 15:59:25,178,68.52,1,,,,,,,,,,,mps
2026-01-06 15:59:27,179,47.67,1,,,,,,,,,,,mps
2026-01-06 15:59:29,180,42.50,1,,,,,,,,,,,mps
2026-01-06 15:59:29,180,42.50,1,614.00,1,0,False,1,0,small,400,40,79,mps
2026-01-06 15:59:31,181,14.92,1,,,,,,,,,,,mps
2026-01-06 15:59:33,182,19.00,1,,,,,,,,,,,mps
2026-01-06 15:59:35,183,16.01,1,,,,,,,,,,,mps
2026-01-06 15:59:37,184,8.07,1,,,,,,,,,,,mps
2026-01-06 15:59:39,185,10.85,1,,,,,,,,,,,mps
2026-01-06 15:59:40,186,19.24,1,,,,,,,,,,,mps
2026-01-06 15:59:42,187,20.76,1,,,,,,,,,,,mps
2026-01-06 15:59:44,188,20.44,1,,,,,,,,,,,mps
2026-01-06 15:59:46,189,20.48,1,,,,,,,,,,,mps
2026-01-06 15:59:48,190,34.79,1,,,,,,,,,,,mps
2026-01-06 16:00:09,190,34.79,1,252.00,1,0,False,255,0,small,0,594,79,mps
2026-01-06 16:00:11,191,43.30,1,,,,,,,,,,,mps
2026-01-06 16:00:13,192,30.61,1,,,,,,,,,,,mps
2026-01-06 16:00:15,193,28.67,1,,,,,,,,,,,mps
2026-01-06 16:00:17,194,36.23,1,,,,,,,,,,,mps
2026-01-06 16:00:19,195,52.68,1,,,,,,,,,,,mps
2026-01-06 16:00:21,196,55.25,1,,,,,,,,,,,mps
2026-01-06 16:00:22,197,71.17,1,,,,,,,,,,,mps
2026-01-06 16:00:24,198,77.26,1,,,,,,,,,,,mps
2026-01-06 16:00:26,199,87.89,1,,,,,,,,,,,mps
2026-01-06 16:00:29,200,74.31,2,,,,,,,,,,,mps
2026-01-06 16:00:40,200,74.31,2,267.00,1,0,False,1,100,small,400,40,84,mps
2026-01-06 16:00:42,201,78.70,1,,,,,,,,,,,mps
2026-01-06 16:00:44,202,89.54,1,,,,,,,,,,,mps
2026-01-06 16:00:46,203,64.84,1,,,,,,,,,,,mps
2026-01-06 16:00:48,204,69.02,1,,,,,,,,,,,mps
2026-01-06 16:00:49,205,67.04,1,,,,,,,,,,,mps
2026-01-06 16:00:51,206,83.73,1,,,,,,,,,,,mps
2026-01-06 16:00:53,207,82.78,1,,,,,,,,,,,mps
2026-01-06 16:00:55,208,87.98,1,,,,,,,,,,,mps
2026-01-06 16:00:57,209,91.80,1,,,,,,,,,,,mps
2026-01-06 16:00:59,210,83.66,1,,,,,,,,,,,mps
2026-01-06 16:01:00,210,83.66,1,1462.00,1,0,False,255,200,small,397,1410,251,mps
2026-01-06 16:01:02,211,106.23,1,,,,,,,,,,,mps
2026-01-06 16:01:04,212,80.18,1,,,,,,,,,,,mps
2026-01-06 16:01:06,213,83.66,1,,,,,,,,,,,mps
2026-01-06 16:01:08,214,89.69,1,,,,,,,,,,,mps
2026-01-06 16:01:10,215,83.57,1,,,,,,,,,,,mps
2026-01-06 16:01:12,216,89.37,1,,,,,,,,,,,mps
2026-01-06 16:01:14,217,75.11,1,,,,,,,,,,,mps
2026-01-06 16:01:16,218,80.59,1,,,,,,,,,,,mps
2026-01-06 16:01:18,219,91.03,1,,,,,,,,,,,mps
2026-01-06 16:01:20,220,80.56,1,,,,,,,,,,,mps
2026-01-06 16:01:21,220,80.56,1,616.00,1,0,False,1,0,small,400,40,79,mps
2026-01-06 16:01:23,221,89.51,1,,,,,,,,,,,mps
2026-01-06 16:01:25,222,84.99,1,,,,,,,,,,,mps
2026-01-06 16:01:27,223,86.73,1,,,,,,,,,,,mps
2026-01-06 16:01:29,224,90.05,1,,,,,,,,,,,mps
2026-01-06 16:01:31,225,82.56,1,,,,,,,,,,,mps
2026-01-06 16:01:33,226,88.78,1,,,,,,,,,,,mps
2026-01-06 16:01:35,227,88.37,1,,,,,,,,,,,mps
2026-01-06 16:01:37,228,93.99,1,,,,,,,,,,,mps
2026-01-06 16:01:39,229,71.92,1,,,,,,,,,,,mps
2026-01-06 16:01:41,230,85.06,1,,,,,,,,,,,mps
2026-01-06 16:01:42,230,85.06,1,1477.00,1,0,False,255,100,small,397,1407,251,mps
2026-01-06 16:01:44,231,78.06,1,,,,,,,,,,,mps
2026-01-06 16:01:46,232,76.01,1,,,,,,,,,,,mps
2026-01-06 16:01:48,233,66.19,1,,,,,,,,,,,mps
2026-01-06 16:01:50,234,71.37,1,,,,,,,,,,,mps
2026-01-06 16:01:52,235,59.22,1,,,,,,,,,,,mps
2026-01-06 16:01:54,236,57.46,1,,,,,,,,,,,mps
2026-01-06 16:01:56,237,56.16,1,,,,,,,,,,,mps
2026-01-06 16:01:57,238,54.74,1,,,,,,,,,,,mps
2026-01-06 16:01:59,239,79.90,1,,,,,,,,,,,mps
2026-01-06 16:02:01,240,63.45,1,,,,,,,,,,,mps
2026-01-06 16:02:02,240,63.45,1,1577.00,1,0,False,1,100,small,400,1320,79,mps
2026-01-06 16:02:04,241,59.34,1,,,,,,,,,,,mps
2026-01-06 16:02:06,242,63.59,1,,,,,,,,,,,mps
2026-01-06 16:02:08,243,65.93,1,,,,,,,,,,,mps
2026-01-06 16:02:11,244,56.58,1,,,,,,,,,,,mps
2026-01-06 16:02:13,245,73.34,1,,,,,,,,,,,mps
2026-01-06 16:02:15,246,65.49,1,,,,,,,,,,,mps
2026-01-06 16:02:17,247,68.41,1,,,,,,,,,,,mps
2026-01-06 16:02:19,248,72.03,1,,,,,,,,,,,mps
2026-01-06 16:02:20,249,72.78,1,,,,,,,,,,,mps
2026-01-06 16:02:22,250,71.43,1,,,,,,,,,,,mps
2026-01-06 16:02:23,250,71.43,1,575.00,1,1,False,255,400,small,395,1503,79,mps
2026-01-06 16:02:25,251,60.89,1,,,,,,,,,,,mps
2026-01-06 16:02:27,252,75.12,1,,,,,,,,,,,mps
2026-01-06 16:02:29,253,81.38,1,,,,,,,,,,,mps
2026-01-06 16:02:31,254,68.64,1,,,,,,,,,,,mps
2026-01-06 16:02:33,255,69.55,1,,,,,,,,,,,mps
2026-01-06 16:02:35,256,62.32,1,,,,,,,,,,,mps
2026-01-06 16:02:37,257,70.39,1,,,,,,,,,,,mps
2026-01-06 16:02:39,258,55.03,1,,,,,,,,,,,mps
2026-01-06 16:02:41,259,65.63,1,,,,,,,,,,,mps
2026-01-06 16:02:43,260,75.32,1,,,,,,,,,,,mps
2026-01-06 16:02:44,260,75.32,1,1573.00,1,0,False,1,100,small,400,1320,79,mps
2026-01-06 16:02:46,261,73.39,1,,,,,,,,,,,mps
2026-01-06 16:02:48,262,76.78,1,,,,,,,,,,,mps
2026-01-06 16:02:50,263,82.78,1,,,,,,,,,,,mps
2026-01-06 16:02:52,264,79.31,1,,,,,,,,,,,mps
2026-01-06 16:02:54,265,93.74,2,,,,,,,,,,,mps
2026-01-06 16:02:56,266,72.77,2,,,,,,,,,,,mps
2026-01-06 16:02:58,267,81.19,2,,,,,,,,,,,mps
2026-01-06 16:03:00,268,69.65,1,,,,,,,,,,,mps
2026-01-06 16:03:02,269,85.44,1,,,,,,,,,,,mps
2026-01-06 16:03:04,270,76.42,1,,,,,,,,,,,mps
2026-01-06 16:03:05,270,76.42,1,175.00,1,0,False,255,100,small,397,1435,251,mps
2026-01-06 16:03:07,271,71.02,1,,,,,,,,,,,mps
2026-01-06 16:03:08,272,90.21,1,,,,,,,,,,,mps
2026-01-06 16:03:10,273,78.30,1,,,,,,,,,,,mps
2026-01-06 16:03:12,274,84.74,1,,,,,,,,,,,mps
2026-01-06 16:03:14,275,86.18,1,,,,,,,,,,,mps
2026-01-06 16:03:16,276,65.28,1,,,,,,,,,,,mps
2026-01-06 16:03:18,277,83.39,1,,,,,,,,,,,mps
2026-01-06 16:03:20,278,82.04,1,,,,,,,,,,,mps
2026-01-06 16:03:22,279,79.99,1,,,,,,,,,,,mps
2026-01-06 16:03:25,280,78.56,1,,,,,,,,,,,mps
2026-01-06 16:03:26,280,78.56,1,1865.00,1,0,False,1,200,small,400,1320,79,mps
2026-01-06 16:03:28,281,82.71,1,,,,,,,,,,,mps
2026-01-06 16:03:30,282,87.27,1,,,,,,,,,,,mps
2026-01-06 16:03:32,283,97.85,1,,,,,,,,,,,mps
2026-01-06 16:03:34,284,106.41,1,,,,,,,,,,,mps
2026-01-06 16:03:36,285,80.85,1,,,,,,,,,,,mps
2026-01-06 16:03:38,286,97.65,1,,,,,,,,,,,mps
2026-01-06 16:03:40,287,87.23,1,,,,,,,,,,,mps
2026-01-06 16:03:42,288,95.38,2,,,,,,,,,,,mps
2026-01-06 16:03:45,289,94.51,2,,,,,,,,,,,mps
2026-01-06 16:03:47,290,107.15,1,,,,,,,,,,,mps
2026-01-06 16:03:47,290,107.15,1,178.00,1,0,False,255,200,small,397,1436,251,mps
2026-01-06 16:03:49,291,91.93,1,,,,,,,,,,,mps
2026-01-06 16:03:51,292,102.13,1,,,,,,,,,,,mps
2026-01-06 16:03:54,293,78.25,1,,,,,,,,,,,mps
2026-01-06 16:03:56,294,97.65,1,,,,,,,,,,,mps
2026-01-06 16:03:58,295,94.92,1,,,,,,,,,,,mps
2026-01-06 16:04:00,296,86.45,1,,,,,,,,,,,mps
2026-01-06 16:04:02,297,92.05,1,,,,,,,,,,,mps
2026-01-06 16:04:04,298,87.93,1,,,,,,,,,,,mps
2026-01-06 16:04:06,299,80.03,2,,,,,,,,,,,mps
2026-01-06 16:04:08,300,64.68,2,,,,,,,,,,,mps
2026-01-06 16:04:09,300,64.68,2,1815.00,1,0,False,1,300,small,400,1320,79,mps
2026-01-06 16:04:12,301,62.00,2,,,,,,,,,,,mps
2026-01-06 16:04:14,302,55.77,2,,,,,,,,,,,mps
2026-01-06 16:04:15,303,55.74,1,,,,,,,,,,,mps
2026-01-06 16:04:17,304,41.89,1,,,,,,,,,,,mps
2026-01-06 16:04:19,305,39.13,1,,,,,,,,,,,mps
2026-01-06 16:04:21,306,44.33,1,,,,,,,,,,,mps
2026-01-06 16:04:23,307,55.06,1,,,,,,,,,,,mps
2026-01-06 16:04:25,308,61.73,1,,,,,,,,,,,mps
2026-01-06 16:04:27,309,58.60,1,,,,,,,,,,,mps
2026-01-06 16:04:29,310,50.97,1,,,,,,,,,,,mps
2026-01-06 16:04:29,310,50.97,1,172.00,1,0,False,255,300,small,397,1434,251,mps
2026-01-06 16:04:31,311,53.36,1,,,,,,,,,,,mps
2026-01-06 16:04:33,312,57.15,1,,,,,,,,,,,mps
2026-01-06 16:04:35,313,69.15,1,,,,,,,,,,,mps
2026-01-06 16:04:37,314,76.56,1,,,,,,,,,,,mps
2026-01-06 16:04:39,315,63.18,1,,,,,,,,,,,mps
2026-01-06 16:04:40,316,73.05,1,,,,,,,,,,,mps
2026-01-06 16:04:42,317,57.26,1,,,,,,,,,,,mps
2026-01-06 16:04:44,318,72.60,1,,,,,,,,,,,mps
2026-01-06 16:04:46,319,47.28,1,,,,,,,,,,,mps
2026-01-06 16:04:48,320,45.92,1,,,,,,,,,,,mps
2026-01-06 16:04:59,320,45.92,1,139.00,1,0,False,1,0,small,400,40,89,mps
2026-01-06 16:05:01,321,35.13,1,,,,,,,,,,,mps
2026-01-06 16:05:04,322,36.50,2,,,,,,,,,,,mps
2026-01-06 16:05:06,323,51.23,1,,,,,,,,,,,mps
2026-01-06 16:05:08,324,38.71,1,,,,,,,,,,,mps
2026-01-06 16:05:10,325,21.13,1,,,,,,,,,,,mps
2026-01-06 16:05:11,326,5.90,1,,,,,,,,,,,mps
2026-01-06 16:05:13,327,-5.35,1,,,,,,,,,,,mps
2026-01-06 16:05:15,328,-2.86,1,,,,,,,,,,,mps
2026-01-06 16:05:17,329,3.52,1,,,,,,,,,,,mps
2026-01-06 16:05:19,330,-0.29,1,,,,,,,,,,,mps
2026-01-06 16:05:30,330,-0.29,1,911.00,1,0,False,255,300,small,0,722,79,mps
2026-01-06 16:05:32,331,-0.58,1,,,,,,,,,,,mps
2026-01-06 16:05:34,332,-4.37,1,,,,,,,,,,,mps
2026-01-06 16:05:36,333,31.41,1,,,,,,,,,,,mps
2026-01-06 16:05:38,334,61.89,1,,,,,,,,,,,mps
2026-01-06 16:05:40,335,46.33,1,,,,,,,,,,,mps
2026-01-06 16:05:42,336,31.27,1,,,,,,,,,,,mps
2026-01-06 16:05:44,337,28.43,1,,,,,,,,,,,mps
2026-01-06 16:05:46,338,27.24,1,,,,,,,,,,,mps
2026-01-06 16:05:48,339,27.21,1,,,,,,,,,,,mps
2026-01-06 16:05:50,340,39.40,1,,,,,,,,,,,mps
2026-01-06 16:06:01,340,39.40,1,268.00,1,0,False,1,100,small,400,40,89,mps
2026-01-06 16:06:03,341,66.93,1,,,,,,,,,,,mps
2026-01-06 16:06:04,342,78.60,1,,,,,,,,,,,mps
2026-01-06 16:06:06,343,82.88,1,,,,,,,,,,,mps
2026-01-06 16:06:08,344,88.66,1,,,,,,,,,,,mps
2026-01-06 16:06:10,345,83.71,1,,,,,,,,,,,mps
2026-01-06 16:06:12,346,94.45,1,,,,,,,,,,,mps
2026-01-06 16:06:14,347,89.00,1,,,,,,,,,,,mps
2026-01-06 16:06:17,348,92.39,1,,,,,,,,,,,mps
2026-01-06 16:06:19,349,96.95,1,,,,,,,,,,,mps
2026-01-06 16:06:20,350,92.98,1,,,,,,,,,,,mps
2026-01-06 16:06:21,350,92.98,1,1461.00,1,1,False,255,400,small,398,1400,255,mps
2026-01-06 16:06:24,351,91.32,1,,,,,,,,,,,mps
2026-01-06 16:06:26,352,91.21,1,,,,,,,,,,,mps
2026-01-06 16:06:28,353,91.59,1,,,,,,,,,,,mps
2026-01-06 16:07:18,351,121.56,1,,,,,,,,,,,mps
2026-01-06 16:07:20,352,68.42,1,,,,,,,,,,,mps
2026-01-06 16:07:22,353,93.23,1,,,,,,,,,,,mps
2026-01-06 16:07:24,354,84.85,1,,,,,,,,,,,mps
2026-01-06 16:07:26,355,94.54,1,,,,,,,,,,,mps
2026-01-06 16:07:28,356,85.27,1,,,,,,,,,,,mps
2026-01-06 16:07:30,357,106.93,1,,,,,,,,,,,mps
2026-01-06 16:07:32,358,80.44,1,,,,,,,,,,,mps
2026-01-06 16:07:34,359,51.19,1,,,,,,,,,,,mps
2026-01-06 16:07:36,360,52.07,1,,,,,,,,,,,mps
2026-01-06 16:07:36,360,52.07,1,1042.00,1,0,False,2,100,small,376,1121,252,mps
2026-01-06 16:07:38,361,47.50,1,,,,,,,,,,,mps
2026-01-06 16:07:40,362,36.92,1,,,,,,,,,,,mps
2026-01-06 16:07:42,363,43.38,1,,,,,,,,,,,mps
2026-01-06 16:07:44,364,51.47,1,,,,,,,,,,,mps
2026-01-06 16:07:46,365,35.19,1,,,,,,,,,,,mps
2026-01-06 16:07:48,366,42.50,1,,,,,,,,,,,mps
2026-01-06 16:07:49,367,24.13,1,,,,,,,,,,,mps
2026-01-06 16:07:51,368,36.36,1,,,,,,,,,,,mps
2026-01-06 16:07:53,369,25.82,1,,,,,,,,,,,mps
2026-01-06 16:07:55,370,40.50,1,,,,,,,,,,,mps
2026-01-06 16:07:56,370,40.50,1,1647.00,1,0,False,255,200,small,374,1135,252,mps
2026-01-06 16:07:58,371,33.07,1,,,,,,,,,,,mps
2026-01-06 16:08:00,372,29.83,1,,,,,,,,,,,mps
2026-01-06 16:08:02,373,37.67,1,,,,,,,,,,,mps
2026-01-06 16:08:04,374,33.55,1,,,,,,,,,,,mps
2026-01-06 16:08:06,375,26.22,1,,,,,,,,,,,mps
2026-01-06 16:08:07,376,23.13,1,,,,,,,,,,,mps
2026-01-06 16:08:09,377,16.29,1,,,,,,,,,,,mps
2026-01-06 16:08:11,378,19.07,1,,,,,,,,,,,mps
2026-01-06 16:08:13,379,27.45,1,,,,,,,,,,,mps
2026-01-06 16:08:15,380,25.61,1,,,,,,,,,,,mps
2026-01-06 16:08:16,380,25.61,1,1032.00,1,0,False,1,0,small,400,40,89,mps
2026-01-06 16:08:18,381,35.14,1,,,,,,,,,,,mps
2026-01-06 16:08:20,382,26.47,1,,,,,,,,,,,mps
2026-01-06 16:08:22,383,38.55,1,,,,,,,,,,,mps
2026-01-06 16:08:23,384,19.62,1,,,,,,,,,,,mps
2026-01-06 16:08:25,385,29.51,1,,,,,,,,,,,mps
2026-01-06 16:08:27,386,24.59,1,,,,,,,,,,,mps
2026-01-06 16:08:29,387,29.19,1,,,,,,,,,,,mps
2026-01-06 16:08:31,388,32.23,1,,,,,,,,,,,mps
2026-01-06 16:08:33,389,43.07,1,,,,,,,,,,,mps
2026-01-06 16:08:35,390,45.52,1,,,,,,,,,,,mps
2026-01-06 16:08:46,390,45.52,1,982.00,1,0,False,255,300,small,0,836,79,mps
2026-01-06 16:08:48,391,30.24,1,,,,,,,,,,,mps
2026-01-06 16:08:50,392,16.52,1,,,,,,,,,,,mps
2026-01-06 16:08:51,393,0.83,1,,,,,,,,,,,mps
2026-01-06 16:08:53,394,-3.66,1,,,,,,,,,,,mps
2026-01-06 16:08:55,395,6.88,1,,,,,,,,,,,mps
2026-01-06 16:08:57,396,17.01,1,,,,,,,,,,,mps
2026-01-06 16:08:59,397,27.53,1,,,,,,,,,,,mps
2026-01-06 16:09:01,398,13.57,1,,,,,,,,,,,mps
2026-01-06 16:09:03,399,7.34,1,,,,,,,,,,,mps
2026-01-06 16:09:04,400,15.51,1,,,,,,,,,,,mps
2026-01-06 16:09:15,400,15.51,1,-20.00,1,0,False,1,0,small,400,40,79,mps
2026-01-06 16:09:17,401,15.23,1,,,,,,,,,,,mps
2026-01-06 16:09:19,402,35.61,1,,,,,,,,,,,mps
2026-01-06 16:09:21,403,37.13,1,,,,,,,,,,,mps
2026-01-06 16:09:23,404,49.16,1,,,,,,,,,,,mps
2026-01-06 16:09:25,405,55.95,1,,,,,,,,,,,mps
2026-01-06 16:09:27,406,49.92,1,,,,,,,,,,,mps
2026-01-06 16:09:29,407,56.46,1,,,,,,,,,,,mps
2026-01-06 16:09:31,408,53.09,1,,,,,,,,,,,mps
2026-01-06 16:09:33,409,63.60,1,,,,,,,,,,,mps
2026-01-06 16:09:35,410,56.97,1,,,,,,,,,,,mps
2026-01-06 16:09:56,410,56.97,1,-71.00,1,0,False,255,0,small,0,434,79,mps
2026-01-06 16:09:58,411,44.93,1,,,,,,,,,,,mps
2026-01-06 16:10:00,412,57.03,1,,,,,,,,,,,mps
2026-01-06 16:10:02,413,73.28,1,,,,,,,,,,,mps
2026-01-06 16:10:04,414,69.78,1,,,,,,,,,,,mps
2026-01-06 16:10:06,415,68.35,1,,,,,,,,,,,mps
2026-01-06 16:10:08,416,62.28,1,,,,,,,,,,,mps
2026-01-06 16:10:10,417,75.33,1,,,,,,,,,,,mps
2026-01-06 16:10:12,418,75.88,1,,,,,,,,,,,mps
2026-01-06 16:10:14,419,77.55,1,,,,,,,,,,,mps
2026-01-06 16:10:16,420,65.77,1,,,,,,,,,,,mps
2026-01-06 16:10:27,420,65.77,1,-20.00,1,0,False,1,0,small,400,40,84,mps
2026-01-06 16:10:29,421,60.31,1,,,,,,,,,,,mps
2026-01-06 16:10:31,422,60.94,1,,,,,,,,,,,mps
2026-01-06 16:10:33,423,57.84,1,,,,,,,,,,,mps
2026-01-06 16:10:35,424,60.49,1,,,,,,,,,,,mps
2026-01-06 16:10:37,425,72.70,1,,,,,,,,,,,mps
2026-01-06 16:10:39,426,74.72,1,,,,,,,,,,,mps
2026-01-06 16:10:41,427,86.06,1,,,,,,,,,,,mps
2026-01-06 16:10:43,428,75.49,1,,,,,,,,,,,mps
2026-01-06 16:10:45,429,74.53,1,,,,,,,,,,,mps
2026-01-06 16:10:47,430,56.61,1,,,,,,,,,,,mps
2026-01-06 16:10:49,430,56.61,1,1909.00,1,1,False,255,300,small,355,1794,79,mps
2026-01-06 16:10:51,431,64.74,1,,,,,,,,,,,mps
2026-01-06 16:10:53,432,68.87,1,,,,,,,,,,,mps
2026-01-06 16:10:55,433,68.31,1,,,,,,,,,,,mps
2026-01-06 16:10:57,434,77.96,1,,,,,,,,,,,mps
2026-01-06 16:10:59,435,89.96,1,,,,,,,,,,,mps
2026-01-06 16:11:01,436,85.62,1,,,,,,,,,,,mps
2026-01-06 16:11:03,437,81.35,1,,,,,,,,,,,mps
2026-01-06 16:11:05,438,86.33,1,,,,,,,,,,,mps
2026-01-06 16:11:07,439,81.93,1,,,,,,,,,,,mps
2026-01-06 16:11:09,440,100.61,1,,,,,,,,,,,mps
2026-01-06 16:11:10,440,100.61,1,1909.00,1,1,False,2,400,small,353,2013,79,mps
2026-01-06 16:11:12,441,99.32,1,,,,,,,,,,,mps
2026-01-06 16:11:14,442,89.22,1,,,,,,,,,,,mps
2026-01-06 16:11:16,443,82.44,1,,,,,,,,,,,mps
2026-01-06 16:11:18,444,79.70,1,,,,,,,,,,,mps
2026-01-06 16:11:20,445,88.96,1,,,,,,,,,,,mps
2026-01-06 16:11:22,446,73.41,1,,,,,,,,,,,mps
2026-01-06 16:11:24,447,78.32,1,,,,,,,,,,,mps
2026-01-06 16:11:26,448,79.43,1,,,,,,,,,,,mps
2026-01-06 16:11:28,449,74.99,1,,,,,,,,,,,mps
2026-01-06 16:11:30,450,85.01,1,,,,,,,,,,,mps
2026-01-06 16:11:30,450,85.01,1,178.00,1,1,False,255,400,small,398,1437,255,mps
2026-01-06 16:11:32,451,89.09,1,,,,,,,,,,,mps
2026-01-06 16:11:34,452,80.77,1,,,,,,,,,,,mps
2026-01-06 16:11:36,453,79.80,1,,,,,,,,,,,mps
2026-01-06 16:11:39,454,91.65,2,,,,,,,,,,,mps
2026-01-06 16:11:41,455,79.45,2,,,,,,,,,,,mps
2026-01-06 16:11:43,456,84.55,1,,,,,,,,,,,mps
2026-01-06 16:11:45,457,94.01,1,,,,,,,,,,,mps
2026-01-06 16:11:47,458,90.76,1,,,,,,,,,,,mps
2026-01-06 16:11:49,459,104.04,1,,,,,,,,,,,mps
2026-01-06 16:11:51,460,97.32,1,,,,,,,,,,,mps
2026-01-06 16:11:52,460,97.32,1,1707.00,1,0,False,2,200,small,362,1802,79,mps
2026-01-06 16:11:54,461,114.46,1,,,,,,,,,,,mps
2026-01-06 16:11:57,462,93.00,1,,,,,,,,,,,mps
2026-01-06 16:11:58,463,100.72,1,,,,,,,,,,,mps
2026-01-06 16:12:01,464,76.90,1,,,,,,,,,,,mps
2026-01-06 16:12:02,465,81.67,1,,,,,,,,,,,mps
2026-01-06 16:12:05,466,88.95,1,,,,,,,,,,,mps
2026-01-06 16:12:06,467,91.40,1,,,,,,,,,,,mps
2026-01-06 16:12:08,468,78.50,1,,,,,,,,,,,mps
2026-01-06 16:12:10,469,77.79,1,,,,,,,,,,,mps
2026-01-06 16:12:12,470,70.94,1,,,,,,,,,,,mps
2026-01-06 16:12:13,470,70.94,1,183.00,1,0,False,255,200,small,398,1439,255,mps
2026-01-06 16:12:15,471,77.27,1,,,,,,,,,,,mps
2026-01-06 16:12:16,472,81.73,1,,,,,,,,,,,mps
2026-01-06 16:12:18,473,65.66,1,,,,,,,,,,,mps
2026-01-06 16:12:20,474,51.04,1,,,,,,,,,,,mps
2026-01-06 16:12:22,475,57.03,1,,,,,,,,,,,mps
2026-01-06 16:12:24,476,42.81,1,,,,,,,,,,,mps
2026-01-06 16:12:26,477,37.28,1,,,,,,,,,,,mps
2026-01-06 16:12:28,478,43.70,1,,,,,,,,,,,mps
2026-01-06 16:12:30,479,36.63,1,,,,,,,,,,,mps
2026-01-06 16:12:32,480,47.72,1,,,,,,,,,,,mps
2026-01-06 16:12:33,480,47.72,1,1414.00,1,0,False,2,100,small,369,1500,79,mps
2026-01-06 16:12:35,481,41.99,1,,,,,,,,,,,mps
2026-01-06 16:12:37,482,54.28,1,,,,,,,,,,,mps
2026-01-06 16:12:39,483,60.19,1,,,,,,,,,,,mps
2026-01-06 16:12:41,484,64.85,1,,,,,,,,,,,mps
2026-01-06 16:12:43,485,40.06,1,,,,,,,,,,,mps
2026-01-06 16:12:45,486,47.66,1,,,,,,,,,,,mps
2026-01-06 16:12:47,487,49.63,1,,,,,,,,,,,mps
2026-01-06 16:12:49,488,74.32,1,,,,,,,,,,,mps
2026-01-06 16:12:51,489,67.28,1,,,,,,,,,,,mps
2026-01-06 16:12:53,490,77.47,1,,,,,,,,,,,mps
2026-01-06 16:12:53,490,77.47,1,179.00,1,0,False,255,100,small,397,1436,252,mps
2026-01-06 16:12:55,491,81.76,1,,,,,,,,,,,mps
2026-01-06 16:12:58,492,95.55,1,,,,,,,,,,,mps
2026-01-06 16:13:00,493,84.93,1,,,,,,,,,,,mps
2026-01-06 16:13:02,494,77.49,1,,,,,,,,,,,mps
2026-01-06 16:13:04,495,77.60,1,,,,,,,,,,,mps
2026-01-06 16:13:06,496,59.76,1,,,,,,,,,,,mps
2026-01-06 16:13:07,497,85.92,1,,,,,,,,,,,mps
2026-01-06 16:13:09,498,73.80,1,,,,,,,,,,,mps
2026-01-06 16:13:11,499,86.77,1,,,,,,,,,,,mps
2026-01-06 16:13:13,500,75.28,1,,,,,,,,,,,mps
2026-01-06 16:13:14,500,75.28,1,1432.00,1,0,False,2,100,small,371,1517,79,mps
2026-01-06 16:13:16,501,85.67,1,,,,,,,,,,,mps
2026-01-06 16:13:18,502,95.87,1,,,,,,,,,,,mps
2026-01-06 16:13:20,503,65.84,1,,,,,,,,,,,mps
2026-01-06 16:13:22,504,76.98,1,,,,,,,,,,,mps
2026-01-06 16:13:24,505,58.15,1,,,,,,,,,,,mps
2026-01-06 16:13:26,506,57.24,1,,,,,,,,,,,mps
2026-01-06 16:13:28,507,58.04,1,,,,,,,,,,,mps
2026-01-06 16:13:30,508,41.44,1,,,,,,,,,,,mps
2026-01-06 16:13:32,509,50.87,1,,,,,,,,,,,mps
2026-01-06 16:13:34,510,58.19,1,,,,,,,,,,,mps
2026-01-06 16:13:34,510,58.19,1,179.00,1,0,False,255,100,small,397,1436,251,mps
2026-01-06 16:13:36,511,66.22,1,,,,,,,,,,,mps
2026-01-06 16:13:38,512,69.74,1,,,,,,,,,,,mps
2026-01-06 16:13:40,513,49.46,1,,,,,,,,,,,mps
2026-01-06 16:13:42,514,80.19,1,,,,,,,,,,,mps
2026-01-06 16:13:44,515,68.67,1,,,,,,,,,,,mps
2026-01-06 16:13:46,516,78.87,1,,,,,,,,,,,mps
2026-01-06 16:13:48,517,88.52,1,,,,,,,,,,,mps
2026-01-06 16:13:50,518,90.11,1,,,,,,,,,,,mps
2026-01-06 16:13:52,519,82.20,1,,,,,,,,,,,mps
2026-01-06 16:13:54,520,101.94,1,,,,,,,,,,,mps
2026-01-06 16:14:05,520,101.94,1,1900.00,1,0,False,2,200,small,0,2354,79,mps
2026-01-06 16:14:07,521,87.80,1,,,,,,,,,,,mps
2026-01-06 16:14:09,522,81.07,1,,,,,,,,,,,mps
2026-01-06 16:14:12,523,87.64,1,,,,,,,,,,,mps
2026-01-06 16:14:14,524,83.61,1,,,,,,,,,,,mps
2026-01-06 16:14:16,525,83.73,1,,,,,,,,,,,mps
2026-01-06 16:14:18,526,68.77,1,,,,,,,,,,,mps
2026-01-06 16:14:19,527,59.27,1,,,,,,,,,,,mps
2026-01-06 16:14:21,528,46.64,1,,,,,,,,,,,mps
2026-01-06 16:14:23,529,68.77,1,,,,,,,,,,,mps
2026-01-06 16:14:25,530,62.07,1,,,,,,,,,,,mps
2026-01-06 16:14:47,530,62.07,1,-854.00,1,0,False,255,200,small,0,1320,79,mps
2026-01-06 16:14:49,531,78.50,1,,,,,,,,,,,mps
2026-01-06 16:14:51,532,53.07,1,,,,,,,,,,,mps
2026-01-06 16:14:53,533,69.78,1,,,,,,,,,,,mps
2026-01-06 16:14:56,534,78.49,2,,,,,,,,,,,mps
2026-01-06 16:14:58,535,90.83,1,,,,,,,,,,,mps
2026-01-06 16:15:00,536,72.83,1,,,,,,,,,,,mps
2026-01-06 16:15:02,537,81.49,1,,,,,,,,,,,mps
2026-01-06 16:15:04,538,63.19,1,,,,,,,,,,,mps
2026-01-06 16:15:06,539,63.27,1,,,,,,,,,,,mps
2026-01-06 16:15:08,540,72.14,1,,,,,,,,,,,mps
2026-01-06 16:15:08,540,72.14,1,641.00,1,0,False,1,0,small,400,40,89,mps
2026-01-06 16:15:10,541,69.35,1,,,,,,,,,,,mps
2026-01-06 16:15:12,542,62.41,1,,,,,,,,,,,mps
2026-01-06 16:15:14,543,87.13,1,,,,,,,,,,,mps
2026-01-06 16:15:16,544,67.41,1,,,,,,,,,,,mps
2026-01-06 16:15:18,545,71.10,1,,,,,,,,,,,mps
2026-01-06 16:15:20,546,65.83,1,,,,,,,,,,,mps
2026-01-06 16:15:22,547,74.38,1,,,,,,,,,,,mps
2026-01-06 16:15:24,548,57.30,1,,,,,,,,,,,mps
2026-01-06 16:15:26,549,65.60,1,,,,,,,,,,,mps
2026-01-06 16:15:28,550,56.75,1,,,,,,,,,,,mps
2026-01-06 16:15:39,550,56.75,1,1802.00,1,0,False,255,400,small,395,1386,251,mps
2026-01-06 16:15:41,551,59.66,1,,,,,,,,,,,mps
2026-01-06 16:15:43,552,62.68,1,,,,,,,,,,,mps
2026-01-06 16:15:45,553,84.34,1,,,,,,,,,,,mps
2026-01-06 16:15:47,554,83.31,1,,,,,,,,,,,mps
2026-01-06 16:15:49,555,70.46,1,,,,,,,,,,,mps
2026-01-06 16:15:51,556,75.09,1,,,,,,,,,,,mps
2026-01-06 16:15:53,557,64.10,1,,,,,,,,,,,mps
2026-01-06 16:15:55,558,56.49,1,,,,,,,,,,,mps
2026-01-06 16:15:57,559,47.61,1,,,,,,,,,,,mps
2026-01-06 16:15:59,560,50.09,1,,,,,,,,,,,mps
2026-01-06 16:16:10,560,50.09,1,414.00,1,0,False,2,100,small,0,869,79,mps
2026-01-06 16:16:12,561,59.72,1,,,,,,,,,,,mps
2026-01-06 16:16:14,562,51.25,1,,,,,,,,,,,mps
2026-01-06 16:16:16,563,35.10,1,,,,,,,,,,,mps
2026-01-06 16:16:18,564,51.16,1,,,,,,,,,,,mps
2026-01-06 16:16:20,565,48.17,1,,,,,,,,,,,mps
2026-01-06 16:16:23,566,49.99,2,,,,,,,,,,,mps
2026-01-06 16:16:25,567,54.98,1,,,,,,,,,,,mps
2026-01-06 16:16:37,551,124.55,1,1671.00,1,1,False,2,400,small,362,1764,79,mps
2026-01-06 16:16:39,552,80.56,1,96.00,1,1,False,255,400,small,393,1389,255,mps
2026-01-06 16:16:43,553,85.09,1,1897.00,1,0,False,1,200,small,400,1320,89,mps
2026-01-06 16:17:06,554,67.59,1,-845.00,1,0,False,255,200,small,0,1320,79,mps
2026-01-06 16:17:09,555,57.08,1,1853.00,1,0,False,2,200,small,358,1950,79,mps
2026-01-06 16:17:32,556,54.81,1,-845.00,1,0,False,255,200,small,0,1320,79,mps
2026-01-06 16:17:45,557,75.50,1,1948.00,1,0,False,1,800,small,400,1320,84,mps
2026-01-06 16:18:08,558,60.78,2,-854.00,1,0,False,255,800,small,0,1320,79,mps
2026-01-06 16:18:11,559,71.07,2,1434.00,1,0,False,1,100,small,400,1320,89,mps
2026-01-06 16:18:34,560,59.66,2,-845.00,1,0,False,255,100,small,0,1320,79,mps
2026-01-06 16:18:46,561,72.37,2,176.00,1,0,False,1,0,small,400,40,79,mps
2026-01-06 16:19:00,562,43.40,2,1198.00,1,0,False,255,100,small,0,1334,79,mps
2026-01-06 16:19:12,563,79.43,2,1691.00,1,1,False,1,500,small,400,1320,89,mps
2026-01-06 16:19:35,564,63.73,2,-855.00,1,1,False,255,500,small,0,1320,79,mps
2026-01-06 16:19:38,565,62.42,2,1839.00,1,0,False,1,400,small,400,1320,84,mps
2026-01-06 16:20:01,566,69.85,2,-845.00,1,0,False,255,400,small,0,1320,79,mps
2026-01-06 16:20:04,567,66.18,2,1651.00,1,2,False,1,500,small,400,1320,79,mps
2026-01-06 16:20:16,568,85.81,2,-261.00,1,2,False,255,500,small,0,1371,79,mps
2026-01-06 16:20:19,569,90.41,2,1567.00,1,0,False,1,100,small,400,1320,79,mps
2026-01-06 16:20:33,570,73.64,2,25.00,1,2,False,255,700,small,0,1364,79,mps
2026-01-06 16:20:36,571,89.15,2,1697.00,1,0,False,1,100,small,400,1319,89,mps
2026-01-06 16:20:49,572,56.72,2,-159.00,1,1,False,255,400,small,381,1577,79,mps
2026-01-06 16:20:53,573,97.78,2,1671.00,1,0,False,1,100,small,400,1320,79,mps
2026-01-06 16:20:55,574,54.09,2,357.00,1,0,False,255,100,small,389,1623,79,mps
2026-01-06 16:20:58,575,91.86,2,1672.00,1,1,False,1,300,small,400,1320,79,mps
2026-01-06 16:21:01,576,53.72,2,348.00,1,1,False,255,300,small,388,1617,79,mps
2026-01-06 16:21:04,577,66.84,2,1675.00,1,1,False,1,300,small,400,1320,79,mps
2026-01-06 16:21:06,578,74.57,1,231.00,1,1,False,255,300,small,396,1519,79,mps
2026-01-06 16:21:09,579,58.76,1,1682.00,1,2,False,2,500,small,360,1778,79,mps
2026-01-06 16:21:12,580,51.50,1,181.00,1,2,False,255,500,small,397,1438,251,mps
2026-01-06 16:21:15,581,44.73,1,1565.00,1,0,False,1,100,small,400,1319,89,mps
2026-01-06 16:21:17,582,61.40,1,180.00,1,0,False,255,100,small,397,1437,251,mps
2026-01-06 16:21:20,583,55.19,1,1568.00,1,0,False,1,100,small,400,1319,89,mps
2026-01-06 16:21:23,584,44.04,1,453.00,1,1,False,255,300,small,385,1721,79,mps
2026-01-06 16:21:26,585,65.04,1,1667.00,1,0,False,2,100,small,364,1759,79,mps
2026-01-06 16:21:28,586,42.06,1,280.00,1,1,False,255,300,small,395,1541,79,mps
2026-01-06 16:21:31,587,59.12,1,1436.00,1,0,False,1,100,small,400,1320,79,mps
2026-01-06 16:21:33,588,47.04,1,316.00,1,0,False,255,100,small,387,1592,79,mps
2026-01-06 16:21:36,589,63.92,1,1568.00,1,1,False,1,400,small,400,1320,84,mps
2026-01-06 16:21:39,590,52.68,1,382.00,1,1,False,255,400,small,391,1651,79,mps
2026-01-06 16:21:43,591,72.85,1,1671.00,1,1,False,1,300,small,400,1320,79,mps
2026-01-06 16:21:45,592,60.11,1,164.00,1,1,False,255,300,small,397,1427,251,mps
2026-01-06 16:21:48,593,72.74,1,1689.00,1,1,False,1,300,small,400,1320,79,mps
2026-01-06 16:21:51,594,80.62,1,165.00,1,1,False,255,300,small,397,1430,251,mps
2026-01-06 16:21:54,595,48.97,1,1675.00,1,0,False,1,100,small,400,1320,79,mps
2026-01-06 16:21:56,596,64.88,1,166.00,1,0,False,255,100,small,397,1428,251,mps
2026-01-06 16:22:00,597,41.25,1,1697.00,1,1,False,1,300,small,400,1320,79,mps
2026-01-06 16:22:02,598,63.41,1,166.00,1,1,False,255,300,small,397,1428,252,mps
2026-01-06 16:22:07,599,49.98,1,1671.00,1,0,False,1,100,small,400,1319,79,mps
2026-01-06 16:22:09,600,33.08,1,162.00,1,0,False,255,100,small,397,1427,251,mps
2026-01-06 16:22:12,601,35.73,1,1678.00,1,1,False,2,300,small,364,1770,79,mps
2026-01-06 16:22:15,602,38.90,1,190.00,1,1,False,255,300,small,396,1380,251,mps
2026-01-06 16:22:28,603,31.42,1,1317.00,1,0,False,1,400,small,400,1319,79,mps
2026-01-06 16:22:30,604,28.13,1,143.00,1,0,False,255,400,small,397,1429,246,mps
2026-01-06 16:22:43,605,36.36,1,-20.00,1,0,False,1,0,small,400,40,79,mps
2026-01-06 16:23:06,606,42.67,1,-66.00,1,0,False,255,0,small,0,434,79,mps
2026-01-06 16:23:08,607,35.38,1,249.00,1,0,False,1,0,small,400,40,84,mps
2026-01-06 16:23:11,608,16.95,1,1518.00,1,0,False,255,100,small,397,1437,252,mps
2026-01-06 16:23:24,609,17.30,1,-21.00,1,0,False,1,0,small,400,40,79,mps
2026-01-06 16:23:28,610,14.23,1,1716.00,1,1,False,255,400,small,397,1438,251,mps
2026-01-06 16:23:31,611,35.54,1,1437.00,1,0,False,1,100,small,400,1320,79,mps
2026-01-06 16:23:33,612,9.94,1,180.00,1,0,False,255,100,small,397,1437,252,mps
2026-01-06 16:23:36,613,33.63,1,1676.00,1,1,False,1,300,small,400,1320,79,mps
2026-01-06 16:23:38,614,42.16,1,180.00,1,1,False,255,300,small,397,1438,251,mps
2026-01-06 16:23:41,615,61.78,1,1675.00,1,1,False,1,300,small,400,1320,79,mps
2026-01-06 16:23:43,616,59.35,1,158.00,1,1,False,255,300,small,397,1437,252,mps
2026-01-06 16:23:46,617,53.43,1,1690.00,1,1,False,2,300,small,363,1784,79,mps
2026-01-06 16:23:48,618,56.39,1,178.00,1,1,False,255,300,small,397,1435,251,mps
2026-01-06 16:23:51,619,69.43,1,1692.00,1,0,False,1,100,small,400,1320,79,mps
2026-01-06 16:23:53,620,76.61,1,180.00,1,0,False,255,100,small,397,1437,251,mps
2026-01-06 16:23:57,621,85.05,1,1670.00,1,1,False,1,300,small,400,1320,79,mps
2026-01-06 16:23:59,622,114.98,1,171.00,1,1,False,255,300,small,397,1431,251,mps
2026-01-06 16:24:02,623,71.63,1,1676.00,1,0,False,1,200,small,400,1320,79,mps
2026-01-06 16:24:04,624,95.96,1,172.00,1,0,False,255,200,small,397,1431,251,mps
2026-01-06 16:24:07,625,93.86,1,1677.00,1,1,False,1,400,small,400,1320,79,mps
2026-01-06 16:24:09,626,70.49,1,144.00,1,1,False,255,400,small,397,1427,251,mps
2026-01-06 16:24:12,627,107.75,1,1677.00,1,0,False,1,100,small,400,1320,79,mps
2026-01-06 16:24:15,628,91.55,1,984.00,1,0,False,255,300,small,383,1935,79,mps
2026-01-06 16:24:18,629,95.24,1,1678.00,1,0,False,2,100,small,363,1772,79,mps
2026-01-06 16:24:21,630,86.66,2,165.00,1,0,False,255,100,small,397,1429,251,mps
2026-01-06 16:24:24,631,78.16,2,1139.00,1,0,False,1,100,small,400,40,89,mps
2026-01-06 16:24:28,632,79.30,2,2150.00,1,0,False,255,300,small,371,1172,79,mps
